{
    "metrics": {
        "accuracy-macro": 6.9999999999999996e-01,
        "accuracy-micro": 6.7000000000000004e-01,
        "f1-macro": 7.9000000000000004e-01,
        "f1-micro": 8.0000000000000004e-01,
        "precision-macro": 7.8000000000000003e-01,
        "precision-micro": 7.5000000000000000e-01,
        "recall-macro": 8.7000000000000000e-01,
        "recall-micro": 8.5999999999999999e-01
    }
}
