{
    "metrics": {
        "accuracy-macro": 2.8000000000000003e-01,
        "accuracy-micro": 1.7999999999999999e-01,
        "f1-macro": 3.9000000000000001e-01,
        "f1-micro": 3.1000000000000000e-01,
        "precision-macro": 3.7000000000000000e-01,
        "precision-micro": 2.0999999999999999e-01,
        "recall-macro": 5.5000000000000004e-01,
        "recall-micro": 5.7999999999999996e-01
    }
}
